course,score,status,url
"Cultura de paz y derechos humanos",,existing,"D:/Documentos/LaTEX/Template-Informe/UANL/ingenieria-en-mecatronica/cultura-de-paz-y-derechos-humanos-imtc/planeaciones-cultura-de-paz-y-derechos-humanos-imtc/p-analitico-cultura-de-paz-y-derechos-humanos-imtc.pdf"
"Igualdad de genero, diversidad sexual e inclusion",,existing,"D:/Documentos/LaTEX/Template-Informe/UANL/ingenieria-en-mecatronica/igualdad-genero-div-sexual-incl-imtc/planeaciones-igualdad-genero-div-sexual-incl-imtc/p-analitico-igualdad-genero-div-sexual-incl-imtc.pdf"
"Calculo diferencial","501",downloaded,"https://www.uanl.mx/wp-content/uploads/2025/06/1_PA_ING_Cálculo_diferencial.pdf"
"Algebra para ingenieria",,existing,"D:/Documentos/LaTEX/Template-Informe/UANL/ingenieria-en-mecatronica/algebra-para-ingenieria-imtc/planeaciones-algebra-para-ingenieria-imtc/p-analitico-algebra-para-ingenieria-imtc.pdf"
"Geometria analitica",,existing,"D:/Documentos/LaTEX/Template-Informe/UANL/ingenieria-en-mecatronica/geometria-analitica-imtc/planeaciones-geometria-analitica-imtc/p-analitico-geometria-analitica-imtc.pdf"
"Quimica general",,existing,"D:/Documentos/LaTEX/Template-Informe/UANL/ingenieria-en-mecatronica/quimica-general-imtc/planeaciones-quimica-general-imtc/p-analitico-quimica-general-imtc.pdf"
"Laboratorio de quimica general","16",missing,""
"Mecanica clasica","78",missing,""
"Laboratorio de mecanica clasica","-92",missing,""
"Liderazgo, emprendimiento e innovacion",,existing,"D:/Documentos/LaTEX/Template-Informe/UANL/ingenieria-en-mecatronica/liderazgo-emprendimiento-e-innovacion-imtc/planeaciones-liderazgo-emprendimiento-e-innovacion-imtc/p-analitico-liderazgo-emprendimiento-e-innovacion-imtc.pdf"
"Responsabilidad social y desarrollo sustentable",,existing,"D:/Documentos/LaTEX/Template-Informe/UANL/ingenieria-en-mecatronica/resp-social-desarrollo-sust-imtc/planeaciones-resp-social-desarrollo-sust-imtc/p-analitico-resp-social-desarrollo-sust-imtc.pdf"
"Etica, transparencia y cultura de la legalidad",,existing,"D:/Documentos/LaTEX/Template-Informe/UANL/ingenieria-en-mecatronica/etica-transp-cultura-legalidad-imtc/planeaciones-etica-transp-cultura-legalidad-imtc/p-analitico-etica-transp-cultura-legalidad-imtc.pdf"
"Calculo integral",,existing,"D:/Documentos/LaTEX/Template-Informe/UANL/ingenieria-en-mecatronica/calculo-integral-imtc/planeaciones-calculo-integral-imtc/p-analitico-calculo-integral-imtc.pdf"
"Ciencia de los materiales","78",missing,""
"Probabilidad y estadistica","38",missing,""
"Ondas y calor","-1000000000",missing,""
"Laboratorio de ondas y calor","-92",missing,""
"Dibujo para ingenieria",,existing,"D:/Documentos/LaTEX/Template-Informe/UANL/ingenieria-en-mecatronica/dibujo-para-ingenieria-imtc/planeaciones-dibujo-para-ingenieria-imtc/p-analitico-dibujo-para-ingenieria-imtc.pdf"
"Ecuaciones diferenciales","-1000000000",missing,""
"Programacion basica",,existing,"D:/Documentos/LaTEX/Template-Informe/UANL/ingenieria-en-mecatronica/programacion-basica-imtc/planeaciones-programacion-basica-imtc/p-analitico-programacion-basica-imtc.pdf"
"Mecanica vectorial","78",missing,""
"Electricidad y magnetismo","-1000000000",missing,""
"Laboratorio de electricidad y magnetismo","-92",missing,""
"Procesos de manufactura","-2",missing,""
"Laboratorio de procesos de manufactura","-92",missing,""
"Termodinamica basica","38",missing,""
"Laboratorio de termodinamica basica","-92",missing,""
"Introduccion a la mecatronica",,existing,"D:/Documentos/LaTEX/Template-Informe/UANL/ingenieria-en-mecatronica/introduccion-a-la-mecatronica-imtc/planeaciones-introduccion-a-la-mecatronica-imtc/p-analitico-introduccion-a-la-mecatronica-imtc.pdf"
"Algebra lineal","78",missing,""
"Series de Fourier y transformadas de Laplace","-1000000000",missing,""
"Fisica moderna","-2",missing,""
"Laboratorio de fisica moderna","-92",missing,""
"Mecanica de materiales","78",missing,""
"Laboratorio de mecanica de materiales","-92",missing,""
"Mecanica y potencia de fluidos","-12",missing,""
"Laboratorio de mecanica y potencia de fluidos","-92",missing,""
"Circuitos electricos","-1000000000",missing,""
"Laboratorio de circuitos electricos","-92",missing,""
"Electronica digital","118",missing,""
"Laboratorio de electronica digital","-92",missing,""
"Modelado y simulacion de sistemas mecatronicos","-92",missing,""
"Diseno de maquinas","23",missing,""
"Laboratorio de diseno de maquinas","-92",missing,""
"Maquinas electricas","-1000000000",missing,""
"Laboratorio de maquinas electricas","-92",missing,""
"Analisis de sistemas dinamicos","-12",missing,""
"Laboratorio de analisis de sistemas dinamicos","-92",missing,""
"Electronica analogica","-2",missing,""
"Laboratorio de electronica analogica","-92",missing,""
"Diseno e ingenieria por computadora","-67",missing,""
"Laboratorio de diseno e ingenieria por computadora","-92",missing,""
"Sensores y actuadores","-1000000000",missing,""
"Laboratorio de sensores y actuadores","-92",missing,""
"Introduccion a la ciencia de datos","-24",missing,""
"Amplificadores operacionales","-1000000000",missing,""
"Laboratorio de amplificadores operacionales","-92",missing,""
"Control de sistemas lineales","-92",missing,""
"Laboratorio de control de sistemas lineales","-92",missing,""
"Microcontroladores","-1000000000",missing,""
"Laboratorio de microcontroladores","-2",missing,""
"Sistemas de control logico","-92",missing,""
"Laboratorio de sistemas de control logico","-92",missing,""
"Optativa I area curricular de formacion profesional fundamental","-1",missing,""
"Diseno de mecanismos de precision","-67",missing,""
"Laboratorio de diseno de mecanismos de precision","-92",missing,""
"Inteligencia artificial y redes neuronales",,existing,"D:/Documentos/LaTEX/Template-Informe/UANL/ingenieria-en-mecatronica/inteligencia-artificial-redes-neuronales-imtc/planeaciones-inteligencia-artificial-redes-neuronales-imtc/p-analitico-inteligencia-artificial-redes-neuronales-imtc.pdf"
"Adquisicion de datos con sistemas embebidos","38",missing,""
"Arquitectura de robots","-1000000000",missing,""
"Laboratorio de arquitectura de robots","-92",missing,""
"Prototipados rapidos","-1000000000",missing,""
"Laboratorio de prototipados rapidos","-92",missing,""
"Optativa II area curricular de formacion profesional fundamental","-1",missing,""
"Optativa III area curricular de formacion profesional fundamental","-1",missing,""
"Optativa IV area curricular de formacion profesional fundamental","-1",missing,""
"Optativa V area curricular de formacion profesional fundamental","-1",missing,""
"Diseno de sistemas mecatronicos","-67",missing,""
"Laboratorio de diseno de sistemas mecatronicos","-92",missing,""
"Robotica industrial","-1000000000",missing,""
"Laboratorio de robotica industrial","-92",missing,""
"Servicio social","-1",missing,""
"Optativa I area curricular de formacion profesional integradora","-1",missing,""
"Optativa II area curricular de formacion profesional integradora","-1",missing,""
"Proyecto integrador de ingenieria mecatronica","-67",missing,""
"Practicas profesionales","-1",missing,""
"Optativa III area curricular de formacion profesional integradora","-1",missing,""
"Seminario para el desempeno profesional","481",downloaded,"https://www.uanl.mx/wp-content/uploads/2026/05/2024AD_IF_430_PA_Seminario-para-el-desempeño-profesional.pdf"
"Optativa IV area curricular de formacion profesional integradora","-1",missing,""